'pinnokio@gmail.com','Konstantin','2013-11-27','2013-11-27'
'abram@gmail.com','Abram','2013-11-27','2013-11-27'
'ivan@gmail.com','Ivan','2013-11-27','2013-11-27'
'petr@gmail.com','Petr','2013-11-27','2013-11-27'
'pavel@gmail.com','Pavel','2013-11-27','2013-11-27'
'sergey@gmail.com','Sergey','2013-11-27','2013-11-27'
'semen@gmail.com','Semen','2013-11-27','2013-11-27'
'avakum@gmail.com','Avakum','2013-11-27','2013-11-27'
'afanasiy@gmail.com','Afanasiy','2013-11-27','2013-11-27'
'luka@gmail.com','Luka','2013-11-27','2013-11-27'
'zahar@gmail.com','Zahar','2013-11-27','2013-11-27'
'anton@gmail.com','Anton','2013-11-27','2013-11-27'
'danil@gmail.com','Danil','2013-11-27','2013-11-27'
